Categoría,Elemento,Tipo,ID,Nivel,[I] Acabado,[I] Altura de antepecho,[I] Altura de extremo inicial,[I] Altura desconectada,[I] BO_Glass Type,[I] BO_Inset,[I] BO_U Glass,[I] BO_U Window,[I] BO_U_B Profile,[I] BO_U_B Rand,[I] BO_U_ST Profile,[I] BO_U_ST Rand,[I] Bärande vägg,[I] Categoría,[I] Comentarios,[I] Delimitación de habitación,[I] Desfase de altura desde nivel,[I] Desfase de base,[I] Desfase superior,[I] Distancia de extensión de base,[I] Distancia de extensión superior,[I] Dörrblad,[I] Elevación en parte inferior,[I] Elevación en parte inferior de núcleo,[I] Elevación en parte superior,[I] Elevación en parte superior de núcleo,[I] Estructura,[I] Exportar a IFC,[I] Exportar a IFC como,[I] Familia,[I] Familia y tipo,[I] Fase de creación,[I] Fase de derribo,[I] Grosor,[I] ID de anfitrión,[I] ID de tipo,[I] IfcGUID,[I] Imagen,[I] La base está enlazada,[I] La parte superior está enlazada,[I] Longitud,[I] Línea de ubicación,[I] Marca,[I] Material de marco,[I] Nivel,[I] Nombre de familia,[I] Nombre de tipo,[I] Opción de diseño,[I] Pendiente,[I] Perímetro,[I] Relacionado con masa,[I] Restricción de base,[I] Restricción superior,[I] Sección transversal,[I] Skall mängdas?,[I] Tiene asociación,[I] Tipo,[I] Tipo de marco,[I] Tipo predefinido de IFC,[I] Uso estructural,[I] Volumen,[I] Área,[T] Absortancia,[T] Altura,[T] Altura bruta,[T] Anchura,[T] Anchura bruta,[T] Aspereza,[T] BIMobject category,[T] BO_Aluminium Basalt grey RAL 7012,[T] BO_Aluminium Brown  SW802D- 80,[T] BO_Aluminium Brown RAL 8017,[T] BO_Aluminium Brown red RAL 3011,[T] BO_Aluminium Green RAL 6009,[T] BO_Aluminium Olive green RAL 6003,[T] BO_Aluminium Ruby red RAL 3003,[T] BO_Aluminium Signal grey RAL 7004,[T] BO_Aluminium White ENCS-S 0502 Y- 80,[T] BO_Aluminium White NCS-S 0502 Y,[T] BO_Aluminium White RAL 9010-30,[T] BO_Aluminium black RAL 9005-30,[T] BO_Dimension Overconstraint,[T] BO_Gap,[T] BO_Glass,[T] BO_Glass Area,[T] BO_Glass Height,[T] BO_Glass Width,[T] BO_Glass distancer,[T] BO_Moulding,[T] BO_Option 01,[T] BO_Option 02,[T] BO_Option 03,[T] BO_Option 04,[T] BO_R 01,[T] BO_R 02,[T] BO_S 01,[T] BO_S 02,[T] BO_Seal,[T] BO_Timber Blackbrown-stained,[T] BO_Timber Nutbrown-stained,[T] BO_Timber Oak- stained,[T] BO_Timber Teak-stained,[T] BO_Timber White NCS S0502-Y,[T] BO_Window Frame,[T] COBIe Type Category,[T] Categoría,[T] Cierre de muro,[T] Clasificación para incendios,[T] Coeficiente de incremento de calor solar,[T] Coeficiente de transferencia de calor (U),[T] Color de relleno de detalle bajo,[T] Comentarios de tipo,[T] Construcción analítica,[T] Costo,[T] Código de montaje,[T] Date of publishing,[T] Default Sill Height,[T] Definir propiedades térmicas por,[T] Descripción,[T] Descripción de montaje,[T] Design country,[T] Drevmån,[T] Dörrblad_bredd,[T] EAN code,[T] Edition number,[T] Envolvente en extremos,[T] Envolvente en inserciones,[T] Estructura,[T] Exportar tipo a IFC,[T] Exportar tipo a IFC como,[T] Fabricante,[T] Función,[T] Grosor,[T] Grosor predeterminado,[T] Handtag_material,[T] IFC Classification,[T] Imagen de tipo,[T] Installation instructions,[T] Introducir el tipo predefinido de IFC,[T] Karmbredd,[T] Karmdjup,[T] Littera,[T] Ljudreduktion [dB],[T] Manufacturer country,[T] Manufacturer name,[T] Marca de tipo,[T] Masa térmica,[T] Material estructural,[T] Material main,[T] Material secondary,[T] Modelo,[T] NBS Reference Code,[T] NBS Reference Description,[T] Nombre de código,[T] Nombre de familia,[T] Nombre de tipo,[T] Nominal height,[T] Nominal width,[T] Nota clave,[T] Número OmniClass,[T] Opción de diseño,[T] Operación,[T] Patrón de relleno de detalle bajo,[T] Product Guid,[T] Product SKU,[T] Product certification,[T] Product data url,[T] Product family,[T] Product group,[T] QR code,[T] Region Africa,[T] Region Antarctica,[T] Region Asia,[T] Region Europe,[T] Region Middle East,[T] Region North America,[T] Region Oceania,[T] Region South America,[T] Resistencia térmica (R),[T] Smygdjup,[T] Technical description,[T] Tipo IfcGUID,[T] Tipo de construcción,[T] Transmitancia de luz visual,[T] Tröskel,[T] Tröskel_höjd,[T] Typ av handtag,[T] Título OmniClass,[T] UNSPSC Code,[T] URL,[T] Uniclass 1.4 Code,[T] Uniclass 1.4 Description,[T] Uniclass 2.0 Code,[T] Uniclass 2.0 Description,[T] Weight Net (Kg),[T] Youtube clip
Muros,Yttervägg Paroc,Yttervägg Paroc,1298028,Floor 0,,,,2.4,,,,,,,,,,,,Sí,,0.0,0.0,0.0,0.0,,,,,,No,Por tipo,,Yttervägg Paroc,Yttervägg Paroc,Nytt,,,,Yttervägg Paroc,2DedXznHnDaeAWsrTB_qBp,,No,Sí,22.06,Eje del muro,,,,,,,,,No,Floor 0,Floor 1,Vertical,,,Yttervägg Paroc,,,No portante,270.28,157.55,0.03,,,0.54,,1,,,,,,,,,,,,,,,,,,,,,,,,,,,,,,,,,,,,,,,,,,0.0,,,,0.0,,,,,,,,,,,,Ninguno,Sin envolvente,,Por defecto,,,Exterior,,,,,,,,,,YV7,,,,,0.0,Betong,,,,,,,Muro básico,Yttervägg Paroc,,,,,,,<Relleno uniforme>,,,,,,,,,,,,,,,,0.0,,,095ehmSozDWfEWYyuf2kzE,,,,,,,,,,,,,,
Muros,Yttervägg Paroc,Yttervägg Paroc,1298029,Floor 0,,,,2.4,,,,,,,,,,,,Sí,,0.0,0.0,0.0,0.0,,,,,,No,Por tipo,,Yttervägg Paroc,Yttervägg Paroc,Nytt,,,,Yttervägg Paroc,2DedXznHnDaeAWsrTB_qBo,,No,Sí,8.96,Eje del muro,,,,,,,,,No,Floor 0,Floor 1,Vertical,,,Yttervägg Paroc,,,No portante,129.346,73.009,0.03,,,0.54,,1,,,,,,,,,,,,,,,,,,,,,,,,,,,,,,,,,,,,,,,,,,0.0,,,,0.0,,,,,,,,,,,,Ninguno,Sin envolvente,,Por defecto,,,Exterior,,,,,,,,,,YV7,,,,,0.0,Betong,,,,,,,Muro básico,Yttervägg Paroc,,,,,,,<Relleno uniforme>,,,,,,,,,,,,,,,,0.0,,,095ehmSozDWfEWYyuf2kzE,,,,,,,,,,,,,,
Muros,Yttervägg Paroc,Yttervägg Paroc,1298030,Floor 0,,,,2.4,,,,,,,,,,,,Sí,,0.0,0.0,0.0,0.0,,,,,,No,Por tipo,,Yttervägg Paroc,Yttervägg Paroc,Nytt,,,,Yttervägg Paroc,2DedXznHnDaeAWsrTB_qBn,,No,Sí,22.06,Eje del muro,,,,,,,,,No,Floor 0,Floor 1,Vertical,,,Yttervägg Paroc,,,No portante,181.414,107.227,0.03,,,0.54,,1,,,,,,,,,,,,,,,,,,,,,,,,,,,,,,,,,,,,,,,,,,0.0,,,,0.0,,,,,,,,,,,,Ninguno,Sin envolvente,,Por defecto,,,Exterior,,,,,,,,,,YV7,,,,,0.0,Betong,,,,,,,Muro básico,Yttervägg Paroc,,,,,,,<Relleno uniforme>,,,,,,,,,,,,,,,,0.0,,,095ehmSozDWfEWYyuf2kzE,,,,,,,,,,,,,,
Muros,Yttervägg Paroc,Yttervägg Paroc,1298031,Floor 0,,,,2.4,,,,,,,,,,,,Sí,,0.0,0.0,0.0,0.0,,,,,,No,Por tipo,,Yttervägg Paroc,Yttervägg Paroc,Nytt,,,,Yttervägg Paroc,2DedXznHnDaeAWsrTB_qBm,,No,Sí,8.96,Eje del muro,,,,,,,,,No,Floor 0,Floor 1,Vertical,,,Yttervägg Paroc,,,No portante,120.205,67.849,0.03,,,0.54,,1,,,,,,,,,,,,,,,,,,,,,,,,,,,,,,,,,,,,,,,,,,0.0,,,,0.0,,,,,,,,,,,,Ninguno,Sin envolvente,,Por defecto,,,Exterior,,,,,,,,,,YV7,,,,,0.0,Betong,,,,,,,Muro básico,Yttervägg Paroc,,,,,,,<Relleno uniforme>,,,,,,,,,,,,,,,,0.0,,,095ehmSozDWfEWYyuf2kzE,,,,,,,,,,,,,,
Muros,Innervägg 170mm Paroc,Innervägg 170mm Paroc,1298034,Floor 0,,,,2.4,,,,,,,,,,,,Sí,,0.0,0.0,0.0,0.0,,,,,,No,Por tipo,,Innervägg 170mm Paroc,Innervägg 170mm Paroc,Nytt,,,,Innervägg 170mm Paroc,2DedXznHnDaeAWsrTB_qBj,,No,No,8.96,Eje del muro,,,,,,,,,No,Floor 0,Floor 1,Vertical,,,Innervägg 170mm Paroc,,,No portante,29.951,53.7,0.03,,,0.17,,1,,,,,,,,,,,,,,,,,,,,,,,,,,,,,,,,,,,,,,,,,,0.0,,,,0.0,,,,,,,,,,,,Ninguno,Sin envolvente,,Por defecto,,,Interior,,,,,,,,,,IV1,,,,,0.0,Betong,,,,,,,Muro básico,Innervägg 170mm Paroc,,,,,,,<Relleno uniforme>,,,,,,,,,,,,,,,,0.0,,,095ehmSozDWfEWYyuf2k$Q,,,,,,,,,,,,,,
Muros,Innervägg 170mm Paroc,Innervägg 170mm Paroc,1298036,Floor 0,,,,2.4,,,,,,,,,,,,Sí,,0.0,0.0,0.0,0.0,,,,,,No,Por tipo,,Innervägg 170mm Paroc,Innervägg 170mm Paroc,Nytt,,,,Innervägg 170mm Paroc,2DedXznHnDaeAWsrTB_qBh,,No,No,8.84,Eje del muro,,,,,,,,,No,Floor 0,Floor 1,Vertical,,,Innervägg 170mm Paroc,,,No portante,30.236,54.212,0.03,,,0.17,,1,,,,,,,,,,,,,,,,,,,,,,,,,,,,,,,,,,,,,,,,,,0.0,,,,0.0,,,,,,,,,,,,Ninguno,Sin envolvente,,Por defecto,,,Interior,,,,,,,,,,IV1,,,,,0.0,Betong,,,,,,,Muro básico,Innervägg 170mm Paroc,,,,,,,<Relleno uniforme>,,,,,,,,,,,,,,,,0.0,,,095ehmSozDWfEWYyuf2k$Q,,,,,,,,,,,,,,
Muros,Innervägg 170mm Paroc,Innervägg 170mm Paroc,1298037,Floor 0,,,,2.4,,,,,,,,,,,,Sí,,0.0,0.0,0.0,0.0,,,,,,No,Por tipo,,Innervägg 170mm Paroc,Innervägg 170mm Paroc,Nytt,,,,Innervägg 170mm Paroc,2DedXznHnDaeAWsrTB_qBg,,No,No,2.435,Eje del muro,,,,,,,,,No,Floor 0,Floor 1,Vertical,,,Innervägg 170mm Paroc,,,No portante,9.881,17.717,0.03,,,0.17,,1,,,,,,,,,,,,,,,,,,,,,,,,,,,,,,,,,,,,,,,,,,0.0,,,,0.0,,,,,,,,,,,,Ninguno,Sin envolvente,,Por defecto,,,Interior,,,,,,,,,,IV1,,,,,0.0,Betong,,,,,,,Muro básico,Innervägg 170mm Paroc,,,,,,,<Relleno uniforme>,,,,,,,,,,,,,,,,0.0,,,095ehmSozDWfEWYyuf2k$Q,,,,,,,,,,,,,,
Muros,Innervägg 170mm Paroc,Innervägg 170mm Paroc,1298038,Floor 0,,,,2.4,,,,,,,,,,,,Sí,,0.0,0.0,0.0,0.0,,,,,,No,Por tipo,,Innervägg 170mm Paroc,Innervägg 170mm Paroc,Nytt,,,,Innervägg 170mm Paroc,2DedXznHnDaeAWsrTB_qBf,,No,No,3.33,Eje del muro,,,,,,,,,No,Floor 0,Floor 1,Vertical,,,Innervägg 170mm Paroc,,,No portante,9.552,17.126,0.03,,,0.17,,1,,,,,,,,,,,,,,,,,,,,,,,,,,,,,,,,,,,,,,,,,,0.0,,,,0.0,,,,,,,,,,,,Ninguno,Sin envolvente,,Por defecto,,,Interior,,,,,,,,,,IV1,,,,,0.0,Betong,,,,,,,Muro básico,Innervägg 170mm Paroc,,,,,,,<Relleno uniforme>,,,,,,,,,,,,,,,,0.0,,,095ehmSozDWfEWYyuf2k$Q,,,,,,,,,,,,,,
Muros,Innervägg 170mm Paroc,Innervägg 170mm Paroc,1298039,Floor 0,,,,2.4,,,,,,,,,,,,Sí,,0.0,0.0,0.0,0.0,,,,,,No,Por tipo,,Innervägg 170mm Paroc,Innervägg 170mm Paroc,Nytt,,,,Innervägg 170mm Paroc,2DedXznHnDaeAWsrTB_qBe,,No,No,3.955,Eje del muro,,,,,,,,,No,Floor 0,Floor 1,Vertical,,,Innervägg 170mm Paroc,,,No portante,15.81,28.346,0.03,,,0.17,,1,,,,,,,,,,,,,,,,,,,,,,,,,,,,,,,,,,,,,,,,,,0.0,,,,0.0,,,,,,,,,,,,Ninguno,Sin envolvente,,Por defecto,,,Interior,,,,,,,,,,IV1,,,,,0.0,Betong,,,,,,,Muro básico,Innervägg 170mm Paroc,,,,,,,<Relleno uniforme>,,,,,,,,,,,,,,,,0.0,,,095ehmSozDWfEWYyuf2k$Q,,,,,,,,,,,,,,
Muros,Innervägg 170mm Paroc,Innervägg 170mm Paroc,1298040,Floor 0,,,,2.4,,,,,,,,,,,,Sí,,0.0,0.0,0.0,0.0,,,,,,No,Por tipo,,Innervägg 170mm Paroc,Innervägg 170mm Paroc,Nytt,,,,Innervägg 170mm Paroc,2DedXznHnDaeAWsrTB_qBd,,No,No,2.47,Eje del muro,,,,,,,,,No,Floor 0,Floor 1,Vertical,,,Innervägg 170mm Paroc,,,No portante,6.587,11.811,0.03,,,0.17,,1,,,,,,,,,,,,,,,,,,,,,,,,,,,,,,,,,,,,,,,,,,0.0,,,,0.0,,,,,,,,,,,,Ninguno,Sin envolvente,,Por defecto,,,Interior,,,,,,,,,,IV1,,,,,0.0,Betong,,,,,,,Muro básico,Innervägg 170mm Paroc,,,,,,,<Relleno uniforme>,,,,,,,,,,,,,,,,0.0,,,095ehmSozDWfEWYyuf2k$Q,,,,,,,,,,,,,,
Muros,Innervägg 170mm Paroc,Innervägg 170mm Paroc,1298041,Floor 0,,,,2.4,,,,,,,,,,,,Sí,,0.0,0.0,0.0,0.0,,,,,,No,Por tipo,,Innervägg 170mm Paroc,Innervägg 170mm Paroc,Nytt,,,,Innervägg 170mm Paroc,2DedXznHnDaeAWsrTB_qBc,,No,No,3.67,Eje del muro,,,,,,,,,No,Floor 0,Floor 1,Vertical,,,Innervägg 170mm Paroc,,,No portante,14.558,26.102,0.03,,,0.17,,1,,,,,,,,,,,,,,,,,,,,,,,,,,,,,,,,,,,,,,,,,,0.0,,,,0.0,,,,,,,,,,,,Ninguno,Sin envolvente,,Por defecto,,,Interior,,,,,,,,,,IV1,,,,,0.0,Betong,,,,,,,Muro básico,Innervägg 170mm Paroc,,,,,,,<Relleno uniforme>,,,,,,,,,,,,,,,,0.0,,,095ehmSozDWfEWYyuf2k$Q,,,,,,,,,,,,,,
Muros,Innervägg 170mm Paroc,Innervägg 170mm Paroc,1298123,Floor 0,,,,2.4,,,,,,,,,,,,Sí,,0.0,0.0,0.0,0.0,,,,,,No,Por tipo,,Innervägg 170mm Paroc,Innervägg 170mm Paroc,Nytt,,,,Innervägg 170mm Paroc,2DedXznHnDaeAWsrTB_q9K,,No,No,3.955,Eje del muro,,,,,,,,,No,Floor 0,Floor 1,Vertical,,,Innervägg 170mm Paroc,,,No portante,16.557,29.685,0.03,,,0.17,,1,,,,,,,,,,,,,,,,,,,,,,,,,,,,,,,,,,,,,,,,,,0.0,,,,0.0,,,,,,,,,,,,Ninguno,Sin envolvente,,Por defecto,,,Interior,,,,,,,,,,IV1,,,,,0.0,Betong,,,,,,,Muro básico,Innervägg 170mm Paroc,,,,,,,<Relleno uniforme>,,,,,,,,,,,,,,,,0.0,,,095ehmSozDWfEWYyuf2k$Q,,,,,,,,,,,,,,
Muros,Innervägg 170mm Paroc,Innervägg 170mm Paroc,1298592,Floor 0,,,,2.4,,,,,,,,,,,,Sí,,0.0,0.0,0.0,0.0,,,,,,No,Por tipo,,Innervägg 170mm Paroc,Innervägg 170mm Paroc,Nytt,,,,Innervägg 170mm Paroc,2DedXznHnDaeAWsrTB_rm$,,No,No,3.88,Eje del muro,,,,,,,,,No,Floor 0,Floor 1,Vertical,,,Innervägg 170mm Paroc,,,No portante,17.04,30.551,0.03,,,0.17,,1,,,,,,,,,,,,,,,,,,,,,,,,,,,,,,,,,,,,,,,,,,0.0,,,,0.0,,,,,,,,,,,,Ninguno,Sin envolvente,,Por defecto,,,Interior,,,,,,,,,,IV1,,,,,0.0,Betong,,,,,,,Muro básico,Innervägg 170mm Paroc,,,,,,,<Relleno uniforme>,,,,,,,,,,,,,,,,0.0,,,095ehmSozDWfEWYyuf2k$Q,,,,,,,,,,,,,,
Losas,Bjälklag 300 mm,Bjälklag 300 mm,1310116,Floor 0,,,,,,,,,,,,,,,,Sí,0.0,,,,,,-0.3,-0.3,0.0,0.0,No,Por tipo,,Bjälklag 300 mm,Bjälklag 300 mm,Nytt,,0.3,,Bjälklag 300 mm,1kRPPrPK119PBys6QizWFs,,,,,,,,Floor 0,,,,0.0,64.2,No,,,,,No,Bjälklag 300 mm,,,,693.303,704.396,0.03,,,,,1,,,,,,,,,,,,,,,,,,,,,,,,,,,,,,,,,,,,,,,,,,0.0,,,,0.0,,,,,,,,,,,,,,,Por defecto,,,Interior,,0.3,,,,,,,,,,,,,0.0,Betong,,,,,,,Suelo,Bjälklag 300 mm,,,,,,,<Relleno uniforme>,,,,,,,,,,,,,,,,0.0,,,1RUCtTCU586h_hPBBi8GX4,,,,,,,,,,,,,,
Puertas,D9,D9,1298042,Floor 0,,0.0,2.11,,,,,,,,,,,,,,,,,,,Dörrar - dörrblad,,,,,,Por tipo,,D9,D9,Nytt,,,Innervägg 170mm Paroc,D9,2DedXznHnDaeAWsrTB_qBb,,,,,,137,,Floor 0,,,,,,,,,,,,D9,,,,1.448,10.032,,2.11,0.0,0.91,0.0,,,,,,,,,,,,,,,,,,,,,,,,,,,,,,,,,,,,,,,,Por anfitrión,Door: Fire Rating,0.0,0.0,,Door: Type Comments,<Ninguno>,0.0,Door: Assembly Code,,,Tipo esquemático,Door: Description,,,0.013,0.785,,,,,,Por defecto,,Door: Manufacturer,Interior,0.0,,,,,,,0.05,0.12,Door: Littera,Door: Ljudreduktion,,,Door: Type Mark,,,,,Door:  Model,,,,Innerdörr - standard,D9,,,Door: Keynote,,,,,,,,,,,,,,,,,,,,0.0,0.045,,2_ezjRpRn4weAKYqOeIVmX,,0.0,Sí,0.01,,,,Door: URL,,,,,,
Puertas,D9,D9,1298043,Floor 0,,0.0,2.11,,,,,,,,,,,,,,,,,,,Dörrar - dörrblad,,,,,,Por tipo,,D9,D9,Nytt,,,Innervägg 170mm Paroc,D9,2DedXznHnDaeAWsrTB_qBa,,,,,,138,,Floor 0,,,,,,,,,,,,D9,,,,1.448,10.032,,2.11,0.0,0.91,0.0,,,,,,,,,,,,,,,,,,,,,,,,,,,,,,,,,,,,,,,,Por anfitrión,Door: Fire Rating,0.0,0.0,,Door: Type Comments,<Ninguno>,0.0,Door: Assembly Code,,,Tipo esquemático,Door: Description,,,0.013,0.785,,,,,,Por defecto,,Door: Manufacturer,Interior,0.0,,,,,,,0.05,0.12,Door: Littera,Door: Ljudreduktion,,,Door: Type Mark,,,,,Door:  Model,,,,Innerdörr - standard,D9,,,Door: Keynote,,,,,,,,,,,,,,,,,,,,0.0,0.045,,2_ezjRpRn4weAKYqOeIVmX,,0.0,Sí,0.01,,,,Door: URL,,,,,,
Puertas,D9,D9,1298044,Floor 0,,0.0,2.11,,,,,,,,,,,,,,,,,,,Dörrar - dörrblad,,,,,,Por tipo,,D9,D9,Nytt,,,Innervägg 170mm Paroc,D9,2DedXznHnDaeAWsrTB_qBZ,,,,,,139,,Floor 0,,,,,,,,,,,,D9,,,,1.448,10.032,,2.11,0.0,0.91,0.0,,,,,,,,,,,,,,,,,,,,,,,,,,,,,,,,,,,,,,,,Por anfitrión,Door: Fire Rating,0.0,0.0,,Door: Type Comments,<Ninguno>,0.0,Door: Assembly Code,,,Tipo esquemático,Door: Description,,,0.013,0.785,,,,,,Por defecto,,Door: Manufacturer,Interior,0.0,,,,,,,0.05,0.12,Door: Littera,Door: Ljudreduktion,,,Door: Type Mark,,,,,Door:  Model,,,,Innerdörr - standard,D9,,,Door: Keynote,,,,,,,,,,,,,,,,,,,,0.0,0.045,,2_ezjRpRn4weAKYqOeIVmX,,0.0,Sí,0.01,,,,Door: URL,,,,,,
Puertas,D9,D9,1298045,Floor 0,,0.0,2.11,,,,,,,,,,,,,,,,,,,Dörrar - dörrblad,,,,,,Por tipo,,D9,D9,Nytt,,,Innervägg 170mm Paroc,D9,2DedXznHnDaeAWsrTB_qBY,,,,,,140,,Floor 0,,,,,,,,,,,,D9,,,,1.448,10.032,,2.11,0.0,0.91,0.0,,,,,,,,,,,,,,,,,,,,,,,,,,,,,,,,,,,,,,,,Por anfitrión,Door: Fire Rating,0.0,0.0,,Door: Type Comments,<Ninguno>,0.0,Door: Assembly Code,,,Tipo esquemático,Door: Description,,,0.013,0.785,,,,,,Por defecto,,Door: Manufacturer,Interior,0.0,,,,,,,0.05,0.12,Door: Littera,Door: Ljudreduktion,,,Door: Type Mark,,,,,Door:  Model,,,,Innerdörr - standard,D9,,,Door: Keynote,,,,,,,,,,,,,,,,,,,,0.0,0.045,,2_ezjRpRn4weAKYqOeIVmX,,0.0,Sí,0.01,,,,Door: URL,,,,,,
Puertas,D9,D9,1298046,Floor 0,,0.0,2.11,,,,,,,,,,,,,,,,,,,Dörrar - dörrblad,,,,,,Por tipo,,D9,D9,Nytt,,,Innervägg 170mm Paroc,D9,2DedXznHnDaeAWsrTB_qBX,,,,,,141,,Floor 0,,,,,,,,,,,,D9,,,,1.448,10.032,,2.11,0.0,0.91,0.0,,,,,,,,,,,,,,,,,,,,,,,,,,,,,,,,,,,,,,,,Por anfitrión,Door: Fire Rating,0.0,0.0,,Door: Type Comments,<Ninguno>,0.0,Door: Assembly Code,,,Tipo esquemático,Door: Description,,,0.013,0.785,,,,,,Por defecto,,Door: Manufacturer,Interior,0.0,,,,,,,0.05,0.12,Door: Littera,Door: Ljudreduktion,,,Door: Type Mark,,,,,Door:  Model,,,,Innerdörr - standard,D9,,,Door: Keynote,,,,,,,,,,,,,,,,,,,,0.0,0.045,,2_ezjRpRn4weAKYqOeIVmX,,0.0,Sí,0.01,,,,Door: URL,,,,,,
Puertas,D10,D10,1298083,Floor 0,,0.0,2.11,,,,,,,,,,,,,,,,,,,,,,,,,Por tipo,,D10,D10,Nytt,,,Yttervägg Paroc,D10,2DedXznHnDaeAWsrTB_q8y,,,,,,142,,Floor 0,,,,,,,,,,,,D10,,,,1.394,9.858,,2.11,0.0,1.01,0.0,,,,,,,,,,,,,,,,,,,,,,,,,,,,,,,,,,,,,,,,Por anfitrión,Door: Fire Rating,0.0,0.0,,Door: Type Comments,<Ninguno>,0.0,Door: Assembly Code,,,Tipo esquemático,Door: Description,,,0.013,0.885,,,,,,Por defecto,,Door: Manufacturer,Interior,0.0,,"Stål, rostfritt",,,,,0.05,0.12,Door: Littera,Door: Ljudreduktion,,,Door: Type Mark,,,,,Door:  Model,,,,Ytterdörr - standard,D10,,,Door: Keynote,,,,,,,,,,,,,,,,,,,,0.0,0.022,,0Vklor1012P9zDydJlz9xo,,0.0,Sí,0.01,Handtag ytterdörr std,,,Door: URL,,,,,,
Puertas,D10,D10,1298084,Floor 0,,0.0,2.11,,,,,,,,,,,,,,,,,,,,,,,,,Por tipo,,D10,D10,Nytt,,,Yttervägg Paroc,D10,2DedXznHnDaeAWsrTB_q8x,,,,,,143,,Floor 0,,,,,,,,,,,,D10,,,,1.394,9.858,,2.11,0.0,1.01,0.0,,,,,,,,,,,,,,,,,,,,,,,,,,,,,,,,,,,,,,,,Por anfitrión,Door: Fire Rating,0.0,0.0,,Door: Type Comments,<Ninguno>,0.0,Door: Assembly Code,,,Tipo esquemático,Door: Description,,,0.013,0.885,,,,,,Por defecto,,Door: Manufacturer,Interior,0.0,,"Stål, rostfritt",,,,,0.05,0.12,Door: Littera,Door: Ljudreduktion,,,Door: Type Mark,,,,,Door:  Model,,,,Ytterdörr - standard,D10,,,Door: Keynote,,,,,,,,,,,,,,,,,,,,0.0,0.022,,0Vklor1012P9zDydJlz9xo,,0.0,Sí,0.01,Handtag ytterdörr std,,,Door: URL,,,,,,
Puertas,D9,D9,1298130,Floor 0,,0.0,2.11,,,,,,,,,,,,,,,,,,,Dörrar - dörrblad,,,,,,Por tipo,,D9,D9,Nytt,,,Innervägg 170mm Paroc,D9,2DedXznHnDaeAWsrTB_q9D,,,,,,144,,Floor 0,,,,,,,,,,,,D9,,,,1.448,10.032,,2.11,0.0,0.91,0.0,,,,,,,,,,,,,,,,,,,,,,,,,,,,,,,,,,,,,,,,Por anfitrión,Door: Fire Rating,0.0,0.0,,Door: Type Comments,<Ninguno>,0.0,Door: Assembly Code,,,Tipo esquemático,Door: Description,,,0.013,0.785,,,,,,Por defecto,,Door: Manufacturer,Interior,0.0,,,,,,,0.05,0.12,Door: Littera,Door: Ljudreduktion,,,Door: Type Mark,,,,,Door:  Model,,,,Innerdörr - standard,D9,,,Door: Keynote,,,,,,,,,,,,,,,,,,,,0.0,0.045,,2_ezjRpRn4weAKYqOeIVmX,,0.0,Sí,0.01,,,,Door: URL,,,,,,
Ventanas,10x10,10x10,1298064,Floor 0,,1.14,2.15,,,,,,,,,,,,,,,,,,,,,,,,,Por tipo,,10x10,10x10,Nytt,,,Yttervägg Paroc,10x10,2DedXznHnDaeAWsrTB_q8F,,,,,,234,,Floor 0,,,,,,,,,,,,10x10,,,,0.363,2.743,,1.01,0.0,1.01,0.0,,,,,,,,,,,,,,,,,,,,,,,,,,,,,,,,,,,,,,,,Por anfitrión,,0.0,0.0,,Window: Type Comments,<Ninguno>,0.0,Window: Assembly Code,,1.14,Tipo esquemático,Window: Description,,,0.013,,,,,,,Por defecto,,Window: Manufacturer,,,,,,,,,0.05,0.12,Window: Littera,Window: Ljudreduktion,,,Window: Type Mark,,,,,Window: Model,,,,2-luft fast,10x10,,,Window: Keynote,,,,,,,,,,,,,,,,,,,,0.0,0.022,,3zUs$_MFD8sfbdJ1Wi8dQk,,0.0,,,,,,Window: URL,,,,,,
Ventanas,10x10,10x10,1298065,Floor 0,,1.14,2.15,,,,,,,,,,,,,,,,,,,,,,,,,Por tipo,,10x10,10x10,Nytt,,,Yttervägg Paroc,10x10,2DedXznHnDaeAWsrTB_q8E,,,,,,235,,Floor 0,,,,,,,,,,,,10x10,,,,0.363,2.743,,1.01,0.0,1.01,0.0,,,,,,,,,,,,,,,,,,,,,,,,,,,,,,,,,,,,,,,,Por anfitrión,,0.0,0.0,,Window: Type Comments,<Ninguno>,0.0,Window: Assembly Code,,1.14,Tipo esquemático,Window: Description,,,0.013,,,,,,,Por defecto,,Window: Manufacturer,,,,,,,,,0.05,0.12,Window: Littera,Window: Ljudreduktion,,,Window: Type Mark,,,,,Window: Model,,,,2-luft fast,10x10,,,Window: Keynote,,,,,,,,,,,,,,,,,,,,0.0,0.022,,3zUs$_MFD8sfbdJ1Wi8dQk,,0.0,,,,,,Window: URL,,,,,,
Ventanas,10x10,10x10,1298066,Floor 0,,1.14,2.15,,,,,,,,,,,,,,,,,,,,,,,,,Por tipo,,10x10,10x10,Nytt,,,Yttervägg Paroc,10x10,2DedXznHnDaeAWsrTB_q8D,,,,,,236,,Floor 0,,,,,,,,,,,,10x10,,,,0.363,2.743,,1.01,0.0,1.01,0.0,,,,,,,,,,,,,,,,,,,,,,,,,,,,,,,,,,,,,,,,Por anfitrión,,0.0,0.0,,Window: Type Comments,<Ninguno>,0.0,Window: Assembly Code,,1.14,Tipo esquemático,Window: Description,,,0.013,,,,,,,Por defecto,,Window: Manufacturer,,,,,,,,,0.05,0.12,Window: Littera,Window: Ljudreduktion,,,Window: Type Mark,,,,,Window: Model,,,,2-luft fast,10x10,,,Window: Keynote,,,,,,,,,,,,,,,,,,,,0.0,0.022,,3zUs$_MFD8sfbdJ1Wi8dQk,,0.0,,,,,,Window: URL,,,,,,
Ventanas,10x10,10x10,1298067,Floor 0,,1.14,2.15,,,,,,,,,,,,,,,,,,,,,,,,,Por tipo,,10x10,10x10,Nytt,,,Yttervägg Paroc,10x10,2DedXznHnDaeAWsrTB_q8C,,,,,,237,,Floor 0,,,,,,,,,,,,10x10,,,,0.363,2.743,,1.01,0.0,1.01,0.0,,,,,,,,,,,,,,,,,,,,,,,,,,,,,,,,,,,,,,,,Por anfitrión,,0.0,0.0,,Window: Type Comments,<Ninguno>,0.0,Window: Assembly Code,,1.14,Tipo esquemático,Window: Description,,,0.013,,,,,,,Por defecto,,Window: Manufacturer,,,,,,,,,0.05,0.12,Window: Littera,Window: Ljudreduktion,,,Window: Type Mark,,,,,Window: Model,,,,2-luft fast,10x10,,,Window: Keynote,,,,,,,,,,,,,,,,,,,,0.0,0.022,,3zUs$_MFD8sfbdJ1Wi8dQk,,0.0,,,,,,Window: URL,,,,,,
Ventanas,10x10,10x10,1298068,Floor 0,,1.14,2.15,,,,,,,,,,,,,,,,,,,,,,,,,Por tipo,,10x10,10x10,Nytt,,,Yttervägg Paroc,10x10,2DedXznHnDaeAWsrTB_q8B,,,,,,238,,Floor 0,,,,,,,,,,,,10x10,,,,0.363,2.743,,1.01,0.0,1.01,0.0,,,,,,,,,,,,,,,,,,,,,,,,,,,,,,,,,,,,,,,,Por anfitrión,,0.0,0.0,,Window: Type Comments,<Ninguno>,0.0,Window: Assembly Code,,1.14,Tipo esquemático,Window: Description,,,0.013,,,,,,,Por defecto,,Window: Manufacturer,,,,,,,,,0.05,0.12,Window: Littera,Window: Ljudreduktion,,,Window: Type Mark,,,,,Window: Model,,,,2-luft fast,10x10,,,Window: Keynote,,,,,,,,,,,,,,,,,,,,0.0,0.022,,3zUs$_MFD8sfbdJ1Wi8dQk,,0.0,,,,,,Window: URL,,,,,,
Ventanas,10x10,10x10,1298069,Floor 0,,1.14,2.15,,,,,,,,,,,,,,,,,,,,,,,,,Por tipo,,10x10,10x10,Nytt,,,Yttervägg Paroc,10x10,2DedXznHnDaeAWsrTB_q8A,,,,,,239,,Floor 0,,,,,,,,,,,,10x10,,,,0.363,2.743,,1.01,0.0,1.01,0.0,,,,,,,,,,,,,,,,,,,,,,,,,,,,,,,,,,,,,,,,Por anfitrión,,0.0,0.0,,Window: Type Comments,<Ninguno>,0.0,Window: Assembly Code,,1.14,Tipo esquemático,Window: Description,,,0.013,,,,,,,Por defecto,,Window: Manufacturer,,,,,,,,,0.05,0.12,Window: Littera,Window: Ljudreduktion,,,Window: Type Mark,,,,,Window: Model,,,,2-luft fast,10x10,,,Window: Keynote,,,,,,,,,,,,,,,,,,,,0.0,0.022,,3zUs$_MFD8sfbdJ1Wi8dQk,,0.0,,,,,,Window: URL,,,,,,
Ventanas,10x10,10x10,1298070,Floor 0,,1.14,2.15,,,,,,,,,,,,,,,,,,,,,,,,,Por tipo,,10x10,10x10,Nytt,,,Yttervägg Paroc,10x10,2DedXznHnDaeAWsrTB_q89,,,,,,240,,Floor 0,,,,,,,,,,,,10x10,,,,0.363,2.743,,1.01,0.0,1.01,0.0,,,,,,,,,,,,,,,,,,,,,,,,,,,,,,,,,,,,,,,,Por anfitrión,,0.0,0.0,,Window: Type Comments,<Ninguno>,0.0,Window: Assembly Code,,1.14,Tipo esquemático,Window: Description,,,0.013,,,,,,,Por defecto,,Window: Manufacturer,,,,,,,,,0.05,0.12,Window: Littera,Window: Ljudreduktion,,,Window: Type Mark,,,,,Window: Model,,,,2-luft fast,10x10,,,Window: Keynote,,,,,,,,,,,,,,,,,,,,0.0,0.022,,3zUs$_MFD8sfbdJ1Wi8dQk,,0.0,,,,,,Window: URL,,,,,,
Ventanas,10x10,10x10,1298075,Floor 0,,1.14,2.15,,,,,,,,,,,,,,,,,,,,,,,,,Por tipo,,10x10,10x10,Nytt,,,Yttervägg Paroc,10x10,2DedXznHnDaeAWsrTB_q84,,,,,,241,,Floor 0,,,,,,,,,,,,10x10,,,,0.363,2.743,,1.01,0.0,1.01,0.0,,,,,,,,,,,,,,,,,,,,,,,,,,,,,,,,,,,,,,,,Por anfitrión,,0.0,0.0,,Window: Type Comments,<Ninguno>,0.0,Window: Assembly Code,,1.14,Tipo esquemático,Window: Description,,,0.013,,,,,,,Por defecto,,Window: Manufacturer,,,,,,,,,0.05,0.12,Window: Littera,Window: Ljudreduktion,,,Window: Type Mark,,,,,Window: Model,,,,2-luft fast,10x10,,,Window: Keynote,,,,,,,,,,,,,,,,,,,,0.0,0.022,,3zUs$_MFD8sfbdJ1Wi8dQk,,0.0,,,,,,Window: URL,,,,,,
Ventanas,10x10,10x10,1298076,Floor 0,,1.14,2.15,,,,,,,,,,,,,,,,,,,,,,,,,Por tipo,,10x10,10x10,Nytt,,,Yttervägg Paroc,10x10,2DedXznHnDaeAWsrTB_q83,,,,,,242,,Floor 0,,,,,,,,,,,,10x10,,,,0.363,2.743,,1.01,0.0,1.01,0.0,,,,,,,,,,,,,,,,,,,,,,,,,,,,,,,,,,,,,,,,Por anfitrión,,0.0,0.0,,Window: Type Comments,<Ninguno>,0.0,Window: Assembly Code,,1.14,Tipo esquemático,Window: Description,,,0.013,,,,,,,Por defecto,,Window: Manufacturer,,,,,,,,,0.05,0.12,Window: Littera,Window: Ljudreduktion,,,Window: Type Mark,,,,,Window: Model,,,,2-luft fast,10x10,,,Window: Keynote,,,,,,,,,,,,,,,,,,,,0.0,0.022,,3zUs$_MFD8sfbdJ1Wi8dQk,,0.0,,,,,,Window: URL,,,,,,
Ventanas,10x10,10x10,1298077,Floor 0,,1.14,2.15,,,,,,,,,,,,,,,,,,,,,,,,,Por tipo,,10x10,10x10,Nytt,,,Yttervägg Paroc,10x10,2DedXznHnDaeAWsrTB_q82,,,,,,243,,Floor 0,,,,,,,,,,,,10x10,,,,0.363,2.743,,1.01,0.0,1.01,0.0,,,,,,,,,,,,,,,,,,,,,,,,,,,,,,,,,,,,,,,,Por anfitrión,,0.0,0.0,,Window: Type Comments,<Ninguno>,0.0,Window: Assembly Code,,1.14,Tipo esquemático,Window: Description,,,0.013,,,,,,,Por defecto,,Window: Manufacturer,,,,,,,,,0.05,0.12,Window: Littera,Window: Ljudreduktion,,,Window: Type Mark,,,,,Window: Model,,,,2-luft fast,10x10,,,Window: Keynote,,,,,,,,,,,,,,,,,,,,0.0,0.022,,3zUs$_MFD8sfbdJ1Wi8dQk,,0.0,,,,,,Window: URL,,,,,,
Ventanas,10x10,10x10,1298078,Floor 0,,1.14,2.15,,,,,,,,,,,,,,,,,,,,,,,,,Por tipo,,10x10,10x10,Nytt,,,Yttervägg Paroc,10x10,2DedXznHnDaeAWsrTB_q81,,,,,,244,,Floor 0,,,,,,,,,,,,10x10,,,,0.363,2.743,,1.01,0.0,1.01,0.0,,,,,,,,,,,,,,,,,,,,,,,,,,,,,,,,,,,,,,,,Por anfitrión,,0.0,0.0,,Window: Type Comments,<Ninguno>,0.0,Window: Assembly Code,,1.14,Tipo esquemático,Window: Description,,,0.013,,,,,,,Por defecto,,Window: Manufacturer,,,,,,,,,0.05,0.12,Window: Littera,Window: Ljudreduktion,,,Window: Type Mark,,,,,Window: Model,,,,2-luft fast,10x10,,,Window: Keynote,,,,,,,,,,,,,,,,,,,,0.0,0.022,,3zUs$_MFD8sfbdJ1Wi8dQk,,0.0,,,,,,Window: URL,,,,,,
Ventanas,Fönster 22x22,Fönster 22x22,1298081,Floor 0,,0.22,2.4,,4-16-4-16Ar-S(3)4 Ferrotech,0.05,0.265,0.333,0.127,0.074,0.098,0.085,,,,,,,,,,,,,,,,Por tipo,,Fönster 22x22,Fönster 22x22,Nytt,,,Yttervägg Paroc,Fönster 22x22,2DedXznHnDaeAWsrTB_q8_,,,,,,245,,Floor 0,,,,,,,,,,,,Fönster 22x22,,,,1.071,32.594,,2.18,2.2,2.18,2.2,,Windows,Basalt Gray RAL 7012,Brown SW802D - 80,Brown RAL 8017,Brownred RAL 3011,Green RAL 6009,Olive green RAL 6003,Ruby Red RAL 3003,Signal Gray RAL 7004,White ENCS-S-0502 Y-80,White NCD S0502-Y,White RAL 9010,Black RAL 9005-30,No,0.01,Glass,13.68,2.07,2.07,"Steel, Chrome Plated",White RAL 9010,S(3)4-16Ar-4-16Ar-S(3)4 TGI,S(3)4-16Ar-4-16Ar-S(3)4 Ferrotech,4-16-4-16Ar-S(3)4 TGI,4-16-4-16Ar-S(3)4 Ferrotech,2.042,2.042,2.111,2.111,"Rubber, Black",Brown Black,Nutbrown,oak,Teak,White NCS S0502-Y,White NCS S0502-Y,,,Por anfitrión,,0.0,0.0,,Elitfönster: Type Comment,<Ninguno>,0.0,Elitfönster: Assembly Code,2015-08-11,0.8,Tipo esquemático,Elitfönster: Description,,Sweden,,,Elitfönster: EAN Code,1,,,,Por defecto,,Elitfönster: Manufacturer,,,,,Window,,http://www.elitfonster.se/sv/Fonsterbyte/Handbocker/Montage/#ContentStart,,,,,Elitfönster: Ljudreduktion,Sweden,Elitf??nster,Elitfönster: Type Mark,,,Wood,Glass,Elitfönster: Model,,,,Window-Fixed_Frame-Elitfonster-Single_Pane,Fönster 22x22,0.0,0.0,Elitfönster: Keynote,23.30.20.00,,,,a0c325a0-f191-4cf4-a9c2-ee70cb7e5c89,EFL-AL,http://www.elitfonster.se/sv/Fonster--altandorrar-hus-entreprenor-arkitekt/Elit-xceed-inatgaende/Certifikat-Brand/#ContentStart,https://bimobject.com/elitfonster/product/EFL-AL,Elitf??nster,In??tg??ende,http://bimobject.com/elitfonster/product/EFL-AL,None,None,None,"AD, AL, AT, AX, BA, BE, BG, BY, CH, CS, CY, CZ, DE, DK, EE, ES, FI, FO, FR, GB, GG, GI, GR, HR, HU, IE, IM, IS, IT, JE, LI, LT, LU, LV, MC, MD, ME, MK, MT, NL, NO, PL, PT, RO, RS, RU, SE, SI, SJ, SK, SM, UA, VA, XK",None,None,None,None,0.0,,http://www.elitfonster.se/sv/Fonster--altandorrar-hus-entreprenor-arkitekt/Elit-xceed-inatgaende/Teknisk-info1/#ContentStart,095ehmSozDWfEWYyuf2lWO,,0.0,,,,Windows,,Elitfönster: URL,L413,Windows,,,0.0,Elitfönster: YouTube Clip
Ventanas,Fönster 22x22,Fönster 22x22,1298082,Floor 0,,0.22,2.4,,4-16-4-16Ar-S(3)4 Ferrotech,0.05,0.265,0.333,0.127,0.074,0.098,0.085,,,,,,,,,,,,,,,,Por tipo,,Fönster 22x22,Fönster 22x22,Nytt,,,Yttervägg Paroc,Fönster 22x22,2DedXznHnDaeAWsrTB_q8z,,,,,,246,,Floor 0,,,,,,,,,,,,Fönster 22x22,,,,1.071,32.594,,2.18,2.2,2.18,2.2,,Windows,Basalt Gray RAL 7012,Brown SW802D - 80,Brown RAL 8017,Brownred RAL 3011,Green RAL 6009,Olive green RAL 6003,Ruby Red RAL 3003,Signal Gray RAL 7004,White ENCS-S-0502 Y-80,White NCD S0502-Y,White RAL 9010,Black RAL 9005-30,No,0.01,Glass,13.68,2.07,2.07,"Steel, Chrome Plated",White RAL 9010,S(3)4-16Ar-4-16Ar-S(3)4 TGI,S(3)4-16Ar-4-16Ar-S(3)4 Ferrotech,4-16-4-16Ar-S(3)4 TGI,4-16-4-16Ar-S(3)4 Ferrotech,2.042,2.042,2.111,2.111,"Rubber, Black",Brown Black,Nutbrown,oak,Teak,White NCS S0502-Y,White NCS S0502-Y,,,Por anfitrión,,0.0,0.0,,Elitfönster: Type Comment,<Ninguno>,0.0,Elitfönster: Assembly Code,2015-08-11,0.8,Tipo esquemático,Elitfönster: Description,,Sweden,,,Elitfönster: EAN Code,1,,,,Por defecto,,Elitfönster: Manufacturer,,,,,Window,,http://www.elitfonster.se/sv/Fonsterbyte/Handbocker/Montage/#ContentStart,,,,,Elitfönster: Ljudreduktion,Sweden,Elitf??nster,Elitfönster: Type Mark,,,Wood,Glass,Elitfönster: Model,,,,Window-Fixed_Frame-Elitfonster-Single_Pane,Fönster 22x22,0.0,0.0,Elitfönster: Keynote,23.30.20.00,,,,a0c325a0-f191-4cf4-a9c2-ee70cb7e5c89,EFL-AL,http://www.elitfonster.se/sv/Fonster--altandorrar-hus-entreprenor-arkitekt/Elit-xceed-inatgaende/Certifikat-Brand/#ContentStart,https://bimobject.com/elitfonster/product/EFL-AL,Elitf??nster,In??tg??ende,http://bimobject.com/elitfonster/product/EFL-AL,None,None,None,"AD, AL, AT, AX, BA, BE, BG, BY, CH, CS, CY, CZ, DE, DK, EE, ES, FI, FO, FR, GB, GG, GI, GR, HR, HU, IE, IM, IS, IT, JE, LI, LT, LU, LV, MC, MD, ME, MK, MT, NL, NO, PL, PT, RO, RS, RU, SE, SI, SJ, SK, SM, UA, VA, XK",None,None,None,None,0.0,,http://www.elitfonster.se/sv/Fonster--altandorrar-hus-entreprenor-arkitekt/Elit-xceed-inatgaende/Teknisk-info1/#ContentStart,095ehmSozDWfEWYyuf2lWO,,0.0,,,,Windows,,Elitfönster: URL,L413,Windows,,,0.0,Elitfönster: YouTube Clip
Ventanas,Fönster 22x22,Fönster 22x22,1298085,Floor 0,,0.22,2.4,,4-16-4-16Ar-S(3)4 Ferrotech,0.05,0.265,0.333,0.127,0.074,0.098,0.085,,,,,,,,,,,,,,,,Por tipo,,Fönster 22x22,Fönster 22x22,Nytt,,,Yttervägg Paroc,Fönster 22x22,2DedXznHnDaeAWsrTB_q8w,,,,,,247,,Floor 0,,,,,,,,,,,,Fönster 22x22,,,,1.071,32.594,,2.18,2.2,2.18,2.2,,Windows,Basalt Gray RAL 7012,Brown SW802D - 80,Brown RAL 8017,Brownred RAL 3011,Green RAL 6009,Olive green RAL 6003,Ruby Red RAL 3003,Signal Gray RAL 7004,White ENCS-S-0502 Y-80,White NCD S0502-Y,White RAL 9010,Black RAL 9005-30,No,0.01,Glass,13.68,2.07,2.07,"Steel, Chrome Plated",White RAL 9010,S(3)4-16Ar-4-16Ar-S(3)4 TGI,S(3)4-16Ar-4-16Ar-S(3)4 Ferrotech,4-16-4-16Ar-S(3)4 TGI,4-16-4-16Ar-S(3)4 Ferrotech,2.042,2.042,2.111,2.111,"Rubber, Black",Brown Black,Nutbrown,oak,Teak,White NCS S0502-Y,White NCS S0502-Y,,,Por anfitrión,,0.0,0.0,,Elitfönster: Type Comment,<Ninguno>,0.0,Elitfönster: Assembly Code,2015-08-11,0.8,Tipo esquemático,Elitfönster: Description,,Sweden,,,Elitfönster: EAN Code,1,,,,Por defecto,,Elitfönster: Manufacturer,,,,,Window,,http://www.elitfonster.se/sv/Fonsterbyte/Handbocker/Montage/#ContentStart,,,,,Elitfönster: Ljudreduktion,Sweden,Elitf??nster,Elitfönster: Type Mark,,,Wood,Glass,Elitfönster: Model,,,,Window-Fixed_Frame-Elitfonster-Single_Pane,Fönster 22x22,0.0,0.0,Elitfönster: Keynote,23.30.20.00,,,,a0c325a0-f191-4cf4-a9c2-ee70cb7e5c89,EFL-AL,http://www.elitfonster.se/sv/Fonster--altandorrar-hus-entreprenor-arkitekt/Elit-xceed-inatgaende/Certifikat-Brand/#ContentStart,https://bimobject.com/elitfonster/product/EFL-AL,Elitf??nster,In??tg??ende,http://bimobject.com/elitfonster/product/EFL-AL,None,None,None,"AD, AL, AT, AX, BA, BE, BG, BY, CH, CS, CY, CZ, DE, DK, EE, ES, FI, FO, FR, GB, GG, GI, GR, HR, HU, IE, IM, IS, IT, JE, LI, LT, LU, LV, MC, MD, ME, MK, MT, NL, NO, PL, PT, RO, RS, RU, SE, SI, SJ, SK, SM, UA, VA, XK",None,None,None,None,0.0,,http://www.elitfonster.se/sv/Fonster--altandorrar-hus-entreprenor-arkitekt/Elit-xceed-inatgaende/Teknisk-info1/#ContentStart,095ehmSozDWfEWYyuf2lWO,,0.0,,,,Windows,,Elitfönster: URL,L413,Windows,,,0.0,Elitfönster: YouTube Clip
Ventanas,Fönster 22x22,Fönster 22x22,1298086,Floor 0,,0.22,2.4,,4-16-4-16Ar-S(3)4 Ferrotech,0.05,0.265,0.333,0.127,0.074,0.098,0.085,,,,,,,,,,,,,,,,Por tipo,,Fönster 22x22,Fönster 22x22,Nytt,,,Yttervägg Paroc,Fönster 22x22,2DedXznHnDaeAWsrTB_q8v,,,,,,248,,Floor 0,,,,,,,,,,,,Fönster 22x22,,,,1.071,32.594,,2.18,2.2,2.18,2.2,,Windows,Basalt Gray RAL 7012,Brown SW802D - 80,Brown RAL 8017,Brownred RAL 3011,Green RAL 6009,Olive green RAL 6003,Ruby Red RAL 3003,Signal Gray RAL 7004,White ENCS-S-0502 Y-80,White NCD S0502-Y,White RAL 9010,Black RAL 9005-30,No,0.01,Glass,13.68,2.07,2.07,"Steel, Chrome Plated",White RAL 9010,S(3)4-16Ar-4-16Ar-S(3)4 TGI,S(3)4-16Ar-4-16Ar-S(3)4 Ferrotech,4-16-4-16Ar-S(3)4 TGI,4-16-4-16Ar-S(3)4 Ferrotech,2.042,2.042,2.111,2.111,"Rubber, Black",Brown Black,Nutbrown,oak,Teak,White NCS S0502-Y,White NCS S0502-Y,,,Por anfitrión,,0.0,0.0,,Elitfönster: Type Comment,<Ninguno>,0.0,Elitfönster: Assembly Code,2015-08-11,0.8,Tipo esquemático,Elitfönster: Description,,Sweden,,,Elitfönster: EAN Code,1,,,,Por defecto,,Elitfönster: Manufacturer,,,,,Window,,http://www.elitfonster.se/sv/Fonsterbyte/Handbocker/Montage/#ContentStart,,,,,Elitfönster: Ljudreduktion,Sweden,Elitf??nster,Elitfönster: Type Mark,,,Wood,Glass,Elitfönster: Model,,,,Window-Fixed_Frame-Elitfonster-Single_Pane,Fönster 22x22,0.0,0.0,Elitfönster: Keynote,23.30.20.00,,,,a0c325a0-f191-4cf4-a9c2-ee70cb7e5c89,EFL-AL,http://www.elitfonster.se/sv/Fonster--altandorrar-hus-entreprenor-arkitekt/Elit-xceed-inatgaende/Certifikat-Brand/#ContentStart,https://bimobject.com/elitfonster/product/EFL-AL,Elitf??nster,In??tg??ende,http://bimobject.com/elitfonster/product/EFL-AL,None,None,None,"AD, AL, AT, AX, BA, BE, BG, BY, CH, CS, CY, CZ, DE, DK, EE, ES, FI, FO, FR, GB, GG, GI, GR, HR, HU, IE, IM, IS, IT, JE, LI, LT, LU, LV, MC, MD, ME, MK, MT, NL, NO, PL, PT, RO, RS, RU, SE, SI, SJ, SK, SM, UA, VA, XK",None,None,None,None,0.0,,http://www.elitfonster.se/sv/Fonster--altandorrar-hus-entreprenor-arkitekt/Elit-xceed-inatgaende/Teknisk-info1/#ContentStart,095ehmSozDWfEWYyuf2lWO,,0.0,,,,Windows,,Elitfönster: URL,L413,Windows,,,0.0,Elitfönster: YouTube Clip
Ventanas,Fönster 22x22,Fönster 22x22,1298087,Floor 0,,0.22,2.4,,4-16-4-16Ar-S(3)4 Ferrotech,0.05,0.265,0.333,0.127,0.074,0.098,0.085,,,,,,,,,,,,,,,,Por tipo,,Fönster 22x22,Fönster 22x22,Nytt,,,Yttervägg Paroc,Fönster 22x22,2DedXznHnDaeAWsrTB_q8u,,,,,,249,,Floor 0,,,,,,,,,,,,Fönster 22x22,,,,1.071,32.594,,2.18,2.2,2.18,2.2,,Windows,Basalt Gray RAL 7012,Brown SW802D - 80,Brown RAL 8017,Brownred RAL 3011,Green RAL 6009,Olive green RAL 6003,Ruby Red RAL 3003,Signal Gray RAL 7004,White ENCS-S-0502 Y-80,White NCD S0502-Y,White RAL 9010,Black RAL 9005-30,No,0.01,Glass,13.68,2.07,2.07,"Steel, Chrome Plated",White RAL 9010,S(3)4-16Ar-4-16Ar-S(3)4 TGI,S(3)4-16Ar-4-16Ar-S(3)4 Ferrotech,4-16-4-16Ar-S(3)4 TGI,4-16-4-16Ar-S(3)4 Ferrotech,2.042,2.042,2.111,2.111,"Rubber, Black",Brown Black,Nutbrown,oak,Teak,White NCS S0502-Y,White NCS S0502-Y,,,Por anfitrión,,0.0,0.0,,Elitfönster: Type Comment,<Ninguno>,0.0,Elitfönster: Assembly Code,2015-08-11,0.8,Tipo esquemático,Elitfönster: Description,,Sweden,,,Elitfönster: EAN Code,1,,,,Por defecto,,Elitfönster: Manufacturer,,,,,Window,,http://www.elitfonster.se/sv/Fonsterbyte/Handbocker/Montage/#ContentStart,,,,,Elitfönster: Ljudreduktion,Sweden,Elitf??nster,Elitfönster: Type Mark,,,Wood,Glass,Elitfönster: Model,,,,Window-Fixed_Frame-Elitfonster-Single_Pane,Fönster 22x22,0.0,0.0,Elitfönster: Keynote,23.30.20.00,,,,a0c325a0-f191-4cf4-a9c2-ee70cb7e5c89,EFL-AL,http://www.elitfonster.se/sv/Fonster--altandorrar-hus-entreprenor-arkitekt/Elit-xceed-inatgaende/Certifikat-Brand/#ContentStart,https://bimobject.com/elitfonster/product/EFL-AL,Elitf??nster,In??tg??ende,http://bimobject.com/elitfonster/product/EFL-AL,None,None,None,"AD, AL, AT, AX, BA, BE, BG, BY, CH, CS, CY, CZ, DE, DK, EE, ES, FI, FO, FR, GB, GG, GI, GR, HR, HU, IE, IM, IS, IT, JE, LI, LT, LU, LV, MC, MD, ME, MK, MT, NL, NO, PL, PT, RO, RS, RU, SE, SI, SJ, SK, SM, UA, VA, XK",None,None,None,None,0.0,,http://www.elitfonster.se/sv/Fonster--altandorrar-hus-entreprenor-arkitekt/Elit-xceed-inatgaende/Teknisk-info1/#ContentStart,095ehmSozDWfEWYyuf2lWO,,0.0,,,,Windows,,Elitfönster: URL,L413,Windows,,,0.0,Elitfönster: YouTube Clip
Ventanas,Fönster Kök Avlångt,Fönster Kök Avlångt,1298115,Floor 0,,1.0,2.18,,4-16-4-16Ar-S(3)4 Ferrotech,0.05,0.265,0.437,0.127,0.074,0.098,0.085,,,,,,,,,,,,,,,,Por tipo,,Fönster Kök Avlångt,Fönster Kök Avlångt,Nytt,,,Yttervägg Paroc,Fönster Kök Avlångt,2DedXznHnDaeAWsrTB_q9S,,,,,,250,,Floor 0,,,,,,,,,,,,Fönster Kök Avlångt,,,,0.313,5.031,,1.18,1.2,0.58,0.6,,Windows,Basalt Gray RAL 7012,Brown SW802D - 80,Brown RAL 8017,Brownred RAL 3011,Green RAL 6009,Olive green RAL 6003,Ruby Red RAL 3003,Signal Gray RAL 7004,White ENCS-S-0502 Y-80,White NCD S0502-Y,White RAL 9010,Black RAL 9005-30,No,0.01,Glass,1.511,1.07,0.47,"Steel, Chrome Plated",White RAL 9010,S(3)4-16Ar-4-16Ar-S(3)4 TGI,S(3)4-16Ar-4-16Ar-S(3)4 Ferrotech,4-16-4-16Ar-S(3)4 TGI,4-16-4-16Ar-S(3)4 Ferrotech,1.042,0.442,1.111,0.511,"Rubber, Black",Brown Black,Nutbrown,oak,Teak,White NCS S0502-Y,White NCS S0502-Y,,,Por anfitrión,,0.0,0.0,,Elitfönster: Type Comment,<Ninguno>,0.0,Elitfönster: Assembly Code,2015-08-11,0.8,Tipo esquemático,Elitfönster: Description,,Sweden,,,Elitfönster: EAN code,1,,,,Por defecto,,Elitfönster: Manufacturer,,,,,Window,,http://www.elitfonster.se/sv/Fonsterbyte/Handbocker/Montage/#ContentStart,,,,,Elitfönster: Ljudreduktion,Sweden,Elitf??nster,Elitfönster: Type Mark,,,Wood,Glass,Elitfönster: Model,,,,Window-Fixed_Frame-Elitfonster-Single_Pane,Fönster Kök Avlångt,0.0,0.0,Elitfönster: Keynote,23.30.20.00,,,,a0c325a0-f191-4cf4-a9c2-ee70cb7e5c89,EFL-AL,http://www.elitfonster.se/sv/Fonster--altandorrar-hus-entreprenor-arkitekt/Elit-xceed-inatgaende/Certifikat-Brand/#ContentStart,https://bimobject.com/elitfonster/product/EFL-AL,Elitf??nster,In??tg??ende,http://bimobject.com/elitfonster/product/EFL-AL,None,None,None,"AD, AL, AT, AX, BA, BE, BG, BY, CH, CS, CY, CZ, DE, DK, EE, ES, FI, FO, FR, GB, GG, GI, GR, HR, HU, IE, IM, IS, IT, JE, LI, LT, LU, LV, MC, MD, ME, MK, MT, NL, NO, PL, PT, RO, RS, RU, SE, SI, SJ, SK, SM, UA, VA, XK",None,None,None,None,0.0,,http://www.elitfonster.se/sv/Fonster--altandorrar-hus-entreprenor-arkitekt/Elit-xceed-inatgaende/Teknisk-info1/#ContentStart,095ehmSozDWfEWYyuf2e5A,,0.0,,,,Windows,,Elitfönster: URL,L413,Windows,,,0.0,Elitfönster: Youtube clip
Ventanas,10x10,10x10,1298939,Floor 0,,1.14,2.15,,,,,,,,,,,,,,,,,,,,,,,,,Por tipo,,10x10,10x10,Nytt,,,Yttervägg Paroc,10x10,2DedXznHnDaeAWsrTB_rra,,,,,,251,,Floor 0,,,,,,,,,,,,10x10,,,,0.306,2.269,,1.01,0.0,1.01,0.0,,,,,,,,,,,,,,,,,,,,,,,,,,,,,,,,,,,,,,,,Por anfitrión,,0.0,0.0,,,<Ninguno>,0.0,,,1.14,Tipo esquemático,,,,0.013,,,,,,,Por defecto,,,,,,,,,,,0.05,0.12,F10,,,,1,,,,,,,,,1-luft öppningsbart,10x10,,,,,,,,,,,,,,,,,,,,,,,0.0,0.022,,1SJkwfcdX1XedhxshEyXsm,,0.0,,,,,,,,,,,,
Ventanas,10x10,10x10,1299189,Floor 0,,1.14,2.15,,,,,,,,,,,,,,,,,,,,,,,,,Por tipo,,10x10,10x10,Nytt,,,Yttervägg Paroc,10x10,2DedXznHnDaeAWsrTB_rvg,,,,,,252,,Floor 0,,,,,,,,,,,,10x10,,,,0.363,2.743,,1.01,0.0,1.01,0.0,,,,,,,,,,,,,,,,,,,,,,,,,,,,,,,,,,,,,,,,Por anfitrión,,0.0,0.0,,Window: Type Comments,<Ninguno>,0.0,Window: Assembly Code,,1.14,Tipo esquemático,Window: Description,,,0.013,,,,,,,Por defecto,,Window: Manufacturer,,,,,,,,,0.05,0.12,Window: Littera,Window: Ljudreduktion,,,Window: Type Mark,,,,,Window: Model,,,,2-luft fast,10x10,,,Window: Keynote,,,,,,,,,,,,,,,,,,,,0.0,0.022,,3zUs$_MFD8sfbdJ1Wi8dQk,,0.0,,,,,,Window: URL,,,,,,
